date,package,downloads
2026-04-08,nebari,17
2026-04-09,nebari,19
2026-04-10,nebari,46
2026-04-11,nebari,2
2026-04-12,nebari,3
2026-04-13,nebari,4
2026-04-14,nebari,3
2026-04-16,nebari,6
2026-04-17,nebari,13
2026-04-18,nebari,7
2026-04-20,nebari,4
2026-04-21,nebari,5
2026-04-22,nebari,1
2026-04-23,nebari,35
2026-04-24,nebari,20
2026-04-25,nebari,2
2026-04-26,nebari,3
2026-04-28,nebari,4
2026-04-29,nebari,5
2026-04-30,nebari,2
2026-05-01,nebari,7
2026-05-02,nebari,2
2026-05-03,nebari,46
2026-05-04,nebari,83
2026-05-05,nebari,56
2026-05-06,nebari,2
2026-05-07,nebari,2
2026-05-08,nebari,149
2026-05-09,nebari,2
2026-05-10,nebari,262
2026-05-11,nebari,195
2026-05-12,nebari,15
2026-05-13,nebari,4
2026-05-14,nebari,5
2026-05-15,nebari,17
2026-05-16,nebari,163
2026-05-17,nebari,3
2026-05-18,nebari,43
2026-05-19,nebari,92
2026-05-20,nebari,11
2026-05-21,nebari,4
2026-05-22,nebari,8
2026-05-23,nebari,6
2026-05-24,nebari,34
2026-05-25,nebari,2
2026-05-26,nebari,52
2026-05-27,nebari,2
2026-05-28,nebari,36
2026-05-29,nebari,88
2026-05-30,nebari,4
2026-05-31,nebari,3
2026-06-01,nebari,16
2026-06-02,nebari,7
2026-06-03,nebari,2
2026-06-04,nebari,6
2026-06-05,nebari,14
2026-06-06,nebari,42
2026-06-07,nebari,2
2026-06-08,nebari,2
2026-06-09,nebari,175
2026-06-10,nebari,6
2026-06-11,nebari,71
2026-06-12,nebari,51
2026-06-13,nebari,20
2026-06-15,nebari,29
2026-06-16,nebari,1
2026-06-18,nebari,5
2026-06-19,nebari,2
2026-06-20,nebari,5
2026-06-21,nebari,7
2026-06-22,nebari,9
2026-06-23,nebari,6
2026-06-24,nebari,4
2026-06-25,nebari,3
2026-06-26,nebari,2
2026-06-27,nebari,49
2026-06-28,nebari,192
2026-06-29,nebari,6
2026-06-30,nebari,19
2026-07-01,nebari,3
2026-07-02,nebari,1
2026-07-04,nebari,4
2026-07-05,nebari,8
2026-07-06,nebari,5
2026-07-07,nebari,5
2026-07-08,nebari,1
2026-07-09,nebari,13
2026-07-10,nebari,3
2026-07-11,nebari,5
2026-07-12,nebari,2
2026-07-13,nebari,2
2026-07-14,nebari,3
2026-07-15,nebari,3
2026-07-16,nebari,14
2026-07-17,nebari,4
2026-07-18,nebari,2
2026-07-19,nebari,3
2026-07-20,nebari,3
2026-07-21,nebari,24
2026-07-22,nebari,26
2026-07-23,nebari,12
2026-07-24,nebari,2
2026-07-25,nebari,4
2026-07-26,nebari,10
2026-07-27,nebari,1
2026-07-28,nebari,7
2026-07-29,nebari,18
2026-07-30,nebari,210
2026-07-31,nebari,12
2026-08-01,nebari,4
2026-08-02,nebari,6
2026-08-03,nebari,5
2026-08-04,nebari,5
2026-08-05,nebari,14
2026-08-06,nebari,8
2026-08-07,nebari,32
2026-08-08,nebari,2
2026-08-09,nebari,12
2026-08-10,nebari,12
2026-08-11,nebari,9
2026-08-12,nebari,2
2026-08-13,nebari,9
2026-08-14,nebari,6
2026-08-15,nebari,13
2026-08-16,nebari,8
2026-08-17,nebari,3
2026-08-18,nebari,15
2026-08-19,nebari,2
2026-08-20,nebari,9
2026-08-21,nebari,23
2026-08-22,nebari,21
2026-08-23,nebari,30
2026-08-24,nebari,8
2026-08-25,nebari,2
2026-08-26,nebari,2
2026-08-27,nebari,1
2026-08-28,nebari,1
2026-08-29,nebari,10
2026-08-30,nebari,1
2026-08-31,nebari,5
2026-09-01,nebari,56
2026-09-02,nebari,4
2026-09-03,nebari,4
2026-09-04,nebari,31
2026-09-05,nebari,7
2026-09-06,nebari,3
2026-09-07,nebari,1
2026-09-08,nebari,7
2026-09-09,nebari,1
2026-09-10,nebari,3
2026-09-11,nebari,2
2026-09-12,nebari,18
2026-09-13,nebari,6
2026-09-14,nebari,1
2026-09-15,nebari,45
2026-09-16,nebari,114
2026-09-17,nebari,58
2026-09-18,nebari,20
2026-09-19,nebari,6
2026-09-20,nebari,8
2026-09-21,nebari,6
2026-09-22,nebari,20
2026-09-23,nebari,4
2026-09-24,nebari,12
2026-09-25,nebari,29
2026-09-26,nebari,43
2026-09-27,nebari,9
2026-09-28,nebari,9
2026-09-29,nebari,8
2026-09-30,nebari,39
2026-10-01,nebari,10
2026-10-02,nebari,5
2026-10-04,nebari,1
2026-10-05,nebari,4
2026-10-06,nebari,2
2026-10-07,nebari,5
