date,product,pulls
2026-07-09,nebari,867
2026-07-09,nebi,96
2026-07-09,software-pack,212
2026-07-10,nebari,648
2026-07-10,nebi,159
2026-07-10,software-pack,340
2026-07-11,nebari,125
2026-07-11,nebi,21
2026-07-11,software-pack,80
2026-07-12,nebari,91
2026-07-12,nebi,9
2026-07-12,software-pack,258
2026-07-13,nebari,692
2026-07-13,nebi,35
2026-07-13,software-pack,196
2026-07-14,nebari,200
2026-07-14,nebi,28
2026-07-14,software-pack,369
2026-07-15,nebari,381
2026-07-15,nebi,49
2026-07-15,software-pack,283
2026-07-16,nebari,295
2026-07-16,nebi,71
2026-07-16,software-pack,254
2026-07-17,nebari,598
2026-07-17,nebi,52
2026-07-17,software-pack,220
2026-07-18,nebari,1083
2026-07-18,nebi,9
2026-07-18,software-pack,62
2026-07-19,nebari,84
2026-07-19,nebi,9
2026-07-19,software-pack,69
2026-07-20,nebari,272
2026-07-20,nebi,178
2026-07-20,software-pack,377
2026-07-21,nebari,260
2026-07-21,nebi,112
2026-07-21,software-pack,613
2026-07-22,nebari,275
2026-07-22,nebi,15
2026-07-22,software-pack,131
2026-07-23,nebari,614
2026-07-23,nebi,166
2026-07-23,software-pack,277
2026-07-24,nebari,341
2026-07-24,nebi,214
2026-07-24,software-pack,493
2026-07-25,nebari,102
2026-07-25,nebi,9
2026-07-25,software-pack,90
2026-07-26,nebari,89
2026-07-26,nebi,9
2026-07-26,software-pack,91
2026-07-27,nebari,487
2026-07-27,nebi,225
2026-07-27,software-pack,503
2026-07-28,nebari,312
2026-07-28,nebi,71
2026-07-28,software-pack,115
2026-07-29,nebari,307
2026-07-29,nebi,9
2026-07-29,software-pack,359
2026-07-30,nebari,200
2026-07-30,nebi,73
2026-07-30,software-pack,171
2026-07-31,nebari,114
2026-07-31,nebi,36
2026-07-31,software-pack,118
2026-08-01,nebari,319
2026-08-01,nebi,97
2026-08-01,software-pack,168
2026-08-02,nebari,78
2026-08-02,nebi,17
2026-08-02,software-pack,91
2026-08-03,nebari,887
2026-08-03,nebi,581
2026-08-03,software-pack,781
2026-08-04,nebari,316
2026-08-04,nebi,125
2026-08-04,software-pack,306
2026-08-05,nebari,1164
2026-08-05,nebi,261
2026-08-05,software-pack,688
2026-08-06,nebari,297
2026-08-06,nebi,72
2026-08-06,software-pack,136
2026-08-07,nebari,5326
2026-08-07,nebi,883
2026-08-07,software-pack,2075
2026-08-08,nebari,753
2026-08-08,nebi,36
2026-08-08,software-pack,110
2026-08-09,nebari,86
2026-08-09,nebi,9
2026-08-09,software-pack,91
2026-08-10,nebari,402
2026-08-10,nebi,241
2026-08-10,software-pack,350
2026-08-11,nebari,818
2026-08-11,nebi,403
2026-08-11,software-pack,633
2026-08-12,nebari,269
2026-08-12,nebi,52
2026-08-12,software-pack,120
2026-08-13,nebari,601
2026-08-13,nebi,279
2026-08-13,software-pack,644
2026-08-14,nebari,561
2026-08-14,nebi,124
2026-08-14,software-pack,606
2026-08-15,nebari,199
2026-08-15,nebi,23
2026-08-15,software-pack,224
2026-08-16,nebari,96
2026-08-16,nebi,9
2026-08-16,software-pack,69
2026-08-17,nebari,618
2026-08-17,nebi,246
2026-08-17,software-pack,925
2026-08-18,nebari,738
2026-08-18,nebi,110
2026-08-18,software-pack,700
2026-08-19,nebari,714
2026-08-19,nebi,224
2026-08-19,software-pack,736
2026-08-20,nebari,720
2026-08-20,nebi,178
2026-08-20,software-pack,476
2026-08-21,nebari,437
2026-08-21,nebi,127
2026-08-21,software-pack,481
2026-08-22,nebari,136
2026-08-22,nebi,9
2026-08-22,software-pack,93
2026-08-23,nebari,142
2026-08-23,nebi,9
2026-08-23,software-pack,131
2026-08-24,nebari,979
2026-08-24,nebi,451
2026-08-24,software-pack,916
2026-08-25,nebari,349
2026-08-25,nebi,356
2026-08-25,software-pack,204
2026-08-26,nebari,445
2026-08-26,nebi,359
2026-08-26,software-pack,523
2026-08-27,nebari,336
2026-08-27,nebi,461
2026-08-27,software-pack,353
2026-08-28,nebari,455
2026-08-28,nebi,163
2026-08-28,software-pack,309
2026-08-29,nebari,120
2026-08-29,nebi,84
2026-08-29,software-pack,153
2026-08-30,nebari,109
2026-08-30,nebi,9
2026-08-30,software-pack,97
2026-08-31,nebari,1594
2026-08-31,nebi,960
2026-08-31,software-pack,1566
2026-09-01,nebari,1724
2026-09-01,nebi,388
2026-09-01,software-pack,866
2026-09-02,nebari,604
2026-09-02,nebi,217
2026-09-02,software-pack,376
2026-09-03,nebari,401
2026-09-03,nebi,147
2026-09-03,software-pack,327
2026-09-04,nebari,455
2026-09-04,nebi,76
2026-09-04,software-pack,327
2026-09-05,nebari,131
2026-09-05,nebi,15
2026-09-05,software-pack,92
2026-09-06,nebari,125
2026-09-06,nebi,9
2026-09-06,software-pack,98
2026-09-07,nebari,921
2026-09-07,nebi,537
2026-09-07,software-pack,909
2026-09-08,nebari,895
2026-09-08,nebi,407
2026-09-08,software-pack,658
2026-09-09,nebari,626
2026-09-09,nebi,237
2026-09-09,software-pack,449
2026-09-10,nebari,790
2026-09-10,nebi,299
2026-09-10,software-pack,741
2026-09-11,nebari,252
2026-09-11,nebi,512
2026-09-11,software-pack,239
2026-09-12,nebari,115
2026-09-12,nebi,9
2026-09-12,software-pack,154
2026-09-13,nebari,111
2026-09-13,nebi,9
2026-09-13,software-pack,173
2026-09-14,nebari,278
2026-09-14,nebi,87
2026-09-14,software-pack,304
2026-09-15,nebari,229
2026-09-15,nebi,52
2026-09-15,software-pack,302
2026-09-16,nebari,460
2026-09-16,nebi,144
2026-09-16,software-pack,316
2026-09-17,nebari,161
2026-09-17,nebi,27
2026-09-17,software-pack,168
2026-09-18,nebari,421
2026-09-18,nebi,108
2026-09-18,software-pack,296
2026-09-19,nebari,195
2026-09-19,nebi,19
2026-09-19,software-pack,297
2026-09-20,nebari,105
2026-09-20,nebi,9
2026-09-20,software-pack,106
2026-09-21,nebari,186
2026-09-21,nebi,15
2026-09-21,software-pack,157
2026-09-22,nebari,162
2026-09-22,nebi,30
2026-09-22,software-pack,158
2026-09-23,nebari,157
2026-09-23,nebi,24
2026-09-23,software-pack,183
2026-09-24,nebari,252
2026-09-24,nebi,66
2026-09-24,software-pack,120
2026-09-25,nebari,348
2026-09-25,nebi,116
2026-09-25,software-pack,274
2026-09-26,nebari,95
2026-09-26,nebi,11
2026-09-26,software-pack,110
2026-09-27,nebari,114
2026-09-27,nebi,14
2026-09-27,software-pack,149
2026-09-28,nebari,334
2026-09-28,nebi,81
2026-09-28,software-pack,304
2026-09-29,nebari,263
2026-09-29,nebi,73
2026-09-29,software-pack,450
2026-09-30,nebari,271
2026-09-30,nebi,27
2026-09-30,software-pack,366
2026-10-01,nebari,1098
2026-10-01,nebi,1022
2026-10-01,software-pack,521
2026-10-02,nebari,598
2026-10-02,nebi,146
2026-10-02,software-pack,717
2026-10-03,nebari,350
2026-10-03,nebi,11
2026-10-03,software-pack,268
2026-10-04,nebari,115
2026-10-04,nebi,11
2026-10-04,software-pack,126
2026-10-05,nebari,687
2026-10-05,nebi,199
2026-10-05,software-pack,302
2026-10-06,nebari,188
2026-10-06,nebi,16
2026-10-06,software-pack,225
2026-10-07,nebari,1349
2026-10-07,nebi,111
2026-10-07,software-pack,146
2026-10-08,nebari,371
2026-10-08,nebi,13
2026-10-08,software-pack,126
