repo,tag,published,downloads
nebari-dev/nebi,v0.15,2026-08-27,115
nebari-dev/nebi,v0.14,2026-08-11,114
nebari-dev/nebi,v0.13,2026-06-19,8
nebari-dev/nebi,v0.12,2026-06-05,79
nebari-dev/nebi,v0.12-rc3,2026-06-04,158
nebari-dev/nebi,v0.12-rc2,2026-06-03,21
nebari-dev/nebi,v0.12-rc1,2026-06-02,23
nebari-dev/nebi,v0.11,2026-05-01,3884
nebari-dev/nebi,v0.10.5,2026-04-25,594
nebari-dev/nebi,v0.10.4,2026-04-23,271
nebari-dev/nebi,v0.10.3,2026-04-17,938
nebari-dev/nebi,v0.10.2,2026-04-08,100
nebari-dev/nebi,v0.10.1,2026-03-29,71
nebari-dev/nebi,v0.10.0,2026-03-26,32
nebari-dev/nebi,v0.9,2026-03-03,229
nebari-dev/nebi,v0.8,2026-02-27,44
nebari-dev/nebi,v0.7,2026-02-20,75
nebari-dev/nebi,v0.6,2026-02-19,25
nebari-dev/nebi,v0.6.0-rc3,2026-02-16,33
nebari-dev/nebi,v0.6.0-rc2,2026-02-16,17
nebari-dev/nebi,v0.6.0-rc1,2026-02-12,16
nebari-dev/nebi,v0.5,2026-02-05,102
nebari-dev/nebi,v0.4,2026-01-25,9
nebari-dev/nebi,v0.3,2025-12-01,9
nebari-dev/nebi,v0.2,2025-12-01,9
nebari-dev/nebi,v0.1,2025-11-27,10
nebari-dev/nebari-infrastructure-core,v0.14.0,2026-08-25,724
nebari-dev/nebari-infrastructure-core,v0.14.0-rc.2,2026-08-24,14
nebari-dev/nebari-infrastructure-core,v0.14.0-rc.1,2026-08-20,14
nebari-dev/nebari-infrastructure-core,v0.13.0,2026-08-18,394
nebari-dev/nebari-infrastructure-core,v0.13.0-rc.1,2026-08-18,9
nebari-dev/nebari-infrastructure-core,v0.12.0,2026-08-07,343
nebari-dev/nebari-infrastructure-core,v0.11.0,2026-07-24,204
nebari-dev/nebari-infrastructure-core,v0.10.0,2026-07-17,249
nebari-dev/nebari-infrastructure-core,v0.9.0,2026-07-09,208
nebari-dev/nebari-infrastructure-core,v0.8.0,2026-06-24,291
nebari-dev/nebari-infrastructure-core,v0.6.0,2026-06-01,369
nebari-dev/nebari-infrastructure-core,v0.5.0,2026-05-28,30
nebari-dev/nebari-infrastructure-core,v0.4.0,2026-05-21,89
nebari-dev/nebari-infrastructure-core,v0.3.0,2026-05-11,415
nebari-dev/nebari-infrastructure-core,v0.2.0,2026-04-08,34
nebari-dev/nebari-infrastructure-core,v0.1.0,2026-03-27,21
nebari-dev/nebari,2026.3.1,2026-07-17,0
nebari-dev/nebari,2026.3.1rc2,2026-05-19,0
nebari-dev/nebari,2026.3.1rc1,2026-03-10,0
nebari-dev/nebari,2025.10.1,2025-11-04,0
nebari-dev/nebari,2025.10.1-rc2,2025-10-30,0
nebari-dev/nebari,2025.10.1-rc1,2025-10-23,0
nebari-dev/nebari,2025.6.1,2025-06-06,0
nebari-dev/nebari,2025.6.1-rc1,2025-06-05,0
nebari-dev/nebari,2025.4.2,2025-04-25,0
nebari-dev/nebari,2025.4.2-rc1,2025-04-25,0
nebari-dev/nebari,2025.4.1,2025-04-11,0
nebari-dev/nebari,2025.4.1-rc1,2025-04-08,0
nebari-dev/nebari,2025.3.1,2025-03-17,0
nebari-dev/nebari,2025.3.1-rc1,2025-03-12,0
nebari-dev/nebari,2025.2.1,2025-02-20,0
nebari-dev/nebari,2025.2.1rc2,2025-02-13,0
nebari-dev/nebari,2025.2.1rc1,2025-02-07,0
nebari-dev/nebari,2025.1.1rc1,2025-01-27,0
nebari-dev/nebari,2024.12.1,2024-12-13,0
nebari-dev/nebari,2024.12.1rc1,2024-12-10,0
nebari-dev/nebari,2024.11.1,2024-11-21,0
nebari-dev/nebari,2024.11.1rc3,2024-11-18,0
nebari-dev/nebari,2024.11.1rc2,2024-11-13,0
nebari-dev/nebari,2024.11.1rc1,2024-11-05,0
nebari-dev/nebari,2024.9.1,2024-09-27,0
nebari-dev/nebari,2024.9.1rc4,2024-09-27,0
nebari-dev/nebari,2024.9.1rc3,2024-09-23,0
nebari-dev/nebari,2024.9.1rc2,2024-09-19,0
nebari-dev/nebari,2024.9.1rc1,2024-09-17,0
nebari-dev/nebari,2024.7.1,2024-08-08,0
nebari-dev/nebari,2024.7.1rc3,2024-08-02,0
nebari-dev/nebari,2024.7.1rc2,2024-07-31,0
nebari-dev/nebari,2024.7.1rc1,2024-07-29,0
nebari-dev/nebari,2024.6.1,2024-06-26,0
nebari-dev/nebari,2024.6.1rc4,2024-06-26,0
nebari-dev/nebari,2024.6.1rc3,2024-06-05,0
nebari-dev/nebari,2024.6.1rc2,2024-05-28,0
nebari-dev/nebari,2024.6.1rc1,2024-05-23,0
nebari-dev/nebari,2024.5.1,2024-05-13,0
nebari-dev/nebari,2024.5.1rc1,2024-05-06,0
nebari-dev/nebari,2024.4.1,2024-04-20,0
nebari-dev/nebari,2024.4.1rc1,2024-04-16,0
nebari-dev/nebari,2024.3.3,2024-03-27,0
nebari-dev/nebari,2024.3.3rc1,2024-03-25,0
nebari-dev/nebari,2024.3.2,2024-03-14,0
nebari-dev/nebari,2024.3.2rc1,2024-03-13,0
nebari-dev/nebari,2024.3.1,2024-03-11,0
nebari-dev/nebari,2024.3.1rc2,2024-03-08,0
nebari-dev/nebari,2024.3.1rc1,2024-03-05,0
nebari-dev/nebari,2024.1.1,2024-01-30,0
nebari-dev/nebari,2024.1.1rc5,2024-01-20,0
nebari-dev/nebari,2024.1.1rc4,2024-01-19,0
nebari-dev/nebari,2024.1.1rc3,2024-01-18,0
nebari-dev/nebari,2024.1.1rc2,2024-01-11,0
nebari-dev/nebari,2024.1.1rc1,2024-01-10,0
nebari-dev/nebari,2023.12.1,2023-12-22,0
nebari-dev/nebari,2023.12.1rc1,2023-12-21,0
nebari-dev/nebari,2023.11.1,2023-11-15,0
nebari-dev/nebari,2023.11.1rc1,2023-11-14,0
nebari-dev/nebari,2023.10.1,2023-10-21,0
nebari-dev/nebari,2023.10.1rc1,2023-10-20,0
nebari-dev/nebari,2023.9.1rc1,2023-09-28,0
nebari-dev/nebari,2023.7.2,2023-08-04,0
nebari-dev/nebari,2023.7.2rc1,2023-08-03,0
nebari-dev/nebari,2023.7.1,2023-07-22,0
nebari-dev/nebari,2023.7.1rc1,2023-07-21,0
nebari-dev/nebari,2023.5.1,2023-05-05,0
nebari-dev/nebari,2023.5.1rc1,2023-05-05,0
nebari-dev/nebari,2023.4.1,2023-04-12,0
nebari-dev/nebari,2023.4.1a5,2023-04-10,0
nebari-dev/nebari,2023.4.1a4,2023-04-06,0
nebari-dev/nebari,2023.4.1a3,2023-04-06,0
nebari-dev/nebari,2023.4.1a2,2023-04-06,0
nebari-dev/nebari,2023.4.1a1,2023-04-06,0
nebari-dev/nebari,2023.4.1rc1,2023-04-05,0
nebari-dev/nebari,2023.1.1,2023-02-01,0
nebari-dev/nebari,2023.1.1rc1,2023-01-28,0
nebari-dev/nebari,2022.11.1,2022-12-01,0
nebari-dev/nebari,2022.11.1rc4,2022-12-01,0
nebari-dev/nebari,2022.11.1rc3,2022-12-01,0
nebari-dev/nebari,2022.11.1rc2,2022-12-01,0
nebari-dev/nebari,2022.11.1rc1,2022-11-30,0
nebari-dev/nebari,2022.10.1,2022-10-31,0
nebari-dev/nebari,2022.10.1rc2,2022-10-27,0
nebari-dev/nebari,2022.10.1rc1,2022-10-27,0
nebari-dev/nebari,2022.10.1.dev0,2022-10-21,0
nebari-dev/nebari,v0.4.5,2022-10-15,0
nebari-dev/nebari,v0.4.5rc2,2022-10-14,0
nebari-dev/nebari,0.4.5rc1,2022-10-08,0
nebari-dev/nebari,v0.4.4,2022-09-23,0
nebari-dev/nebari,v0.4.4rc8,2022-09-21,0
nebari-dev/nebari,v0.4.4rc7,2022-09-14,0
nebari-dev/nebari,v0.4.4rc6,2022-09-09,0
nebari-dev/nebari,v0.4.4rc5,2022-09-06,0
nebari-dev/nebari,v0.4.4rc4,2022-09-01,0
nebari-dev/nebari,v0.4.4rc3,2022-08-18,0
nebari-dev/nebari,v0.4.4rc2,2022-08-18,0
nebari-dev/nebari,v0.4.4rc1,2022-08-17,0
nebari-dev/nebari,v0.4.3,2022-07-07,0
nebari-dev/nebari,v0.4.3rc2,2022-07-06,0
nebari-dev/nebari,v0.4.3rc1,2022-07-01,0
nebari-dev/nebari,v0.4.2,2022-06-09,0
nebari-dev/nebari,v0.4.2rc2,2022-06-09,0
nebari-dev/nebari,v0.4.2rc1,2022-06-08,0
nebari-dev/nebari,v0.4.1,2022-05-10,0
nebari-dev/nebari,v0.4.1rc2,2022-05-09,0
nebari-dev/nebari,v0.4.1rc1,2022-04-28,0
nebari-dev/nebari,v0.4.0.post1,2022-04-08,0
nebari-dev/nebari,v0.4.0,2022-03-17,0
nebari-dev/nebari,v0.4.0rc2,2022-03-03,0
nebari-dev/nebari,v0.4.0rc1,2022-02-25,0
nebari-dev/nebari,v0.3.14,2021-12-02,0
nebari-dev/nebari,v0.3.13,2021-10-15,0
nebari-dev/nebari,v0.3.12,2021-06-30,0
nebari-dev/nebari,v0.3.11,2021-05-07,0
nebari-dev/nebari,v0.3.10,2021-05-06,0
nebari-dev/nebari,v0.3.9,2021-05-05,0
nebari-dev/nebari,v0.3.8,2021-05-05,0
nebari-dev/nebari,v0.3.7,2021-04-30,0
nebari-dev/nebari,v0.3.6,2021-04-29,0
nebari-dev/nebari,v0.3.5,2021-04-28,0
nebari-dev/nebari,v0.3.4,2021-04-27,0
nebari-dev/nebari,v0.3.3,2021-04-27,0
nebari-dev/nebari,v0.3.2,2021-04-20,0
nebari-dev/nebari,v0.3.1,2021-04-20,0
nebari-dev/nebari,v0.3.0,2021-04-14,0
nebari-dev/nebari,v.0.2.3,2021-02-05,0
nebari-dev/nebari,v.0.2.2,2021-01-29,0
nebari-dev/nebari,v.0.2.1,2021-01-28,0
nebari-dev/nebari,v0.2.0,2021-01-27,0
nebari-dev/nebari,v0.1.21,2020-11-18,0
nebari-dev/nebari,v0.1.20,2020-11-13,0
nebari-dev/nebari,v0.1.19,2020-10-07,0
nebari-dev/nebari,v0.1.18,2020-10-07,0
nebari-dev/nebari,v0.1.17,2020-10-06,0
nebari-dev/nebari,v0.1.16,2020-09-28,0
nebari-dev/nebari,v0.1.15,2020-09-25,0
artifact-keeper/artifact-keeper,v1.10.2,2026-10-02,87
artifact-keeper/artifact-keeper,v1.10.1,2026-09-24,69
artifact-keeper/artifact-keeper,v1.10.0,2026-09-20,88
artifact-keeper/artifact-keeper,v1.9.1,2026-09-11,85
artifact-keeper/artifact-keeper,v1.9.0,2026-09-09,60
artifact-keeper/artifact-keeper,v1.8.2,2026-09-01,101
artifact-keeper/artifact-keeper,v1.8.1,2026-08-21,118
artifact-keeper/artifact-keeper,v1.8.1-rc.1,2026-08-21,30
artifact-keeper/artifact-keeper,v1.7.8,2026-08-21,36
artifact-keeper/artifact-keeper,v1.8.0,2026-08-19,39
artifact-keeper/artifact-keeper,v1.7.6,2026-08-17,47
artifact-keeper/artifact-keeper,v1.7.4,2026-08-14,55
artifact-keeper/artifact-keeper,v1.7.3,2026-08-14,35
artifact-keeper/artifact-keeper,v1.7.1,2026-08-07,72
artifact-keeper/artifact-keeper,v1.7.0,2026-07-31,69
artifact-keeper/artifact-keeper,v1.6.4,2026-07-29,43
artifact-keeper/artifact-keeper,v1.6.3,2026-07-25,63
artifact-keeper/artifact-keeper,v1.6.2,2026-07-23,21
artifact-keeper/artifact-keeper,v1.6.1,2026-07-22,30
artifact-keeper/artifact-keeper,v1.6.0,2026-07-19,43
artifact-keeper/artifact-keeper,v1.5.8,2026-07-15,47
artifact-keeper/artifact-keeper,v1.5.7,2026-07-14,30
artifact-keeper/artifact-keeper,v1.5.6,2026-07-13,20
artifact-keeper/artifact-keeper,v1.5.5,2026-07-13,10
artifact-keeper/artifact-keeper,v1.5.4,2026-07-13,10
artifact-keeper/artifact-keeper,v1.5.3,2026-07-12,20
artifact-keeper/artifact-keeper,v1.5.2,2026-07-12,20
artifact-keeper/artifact-keeper,v1.5.1,2026-07-12,32
artifact-keeper/artifact-keeper,v1.5.0,2026-07-11,20
artifact-keeper/artifact-keeper,v1.4.2,2026-07-10,21
artifact-keeper/artifact-keeper,v1.4.1,2026-07-10,10
artifact-keeper/artifact-keeper,v1.4.0,2026-07-09,26
artifact-keeper/artifact-keeper,v1.3.0,2026-07-06,48
artifact-keeper/artifact-keeper,v1.2.5,2026-07-03,46
artifact-keeper/artifact-keeper,v1.2.4,2026-07-01,45
artifact-keeper/artifact-keeper,v1.2.3,2026-06-29,47
artifact-keeper/artifact-keeper,v1.2.2,2026-06-25,59
artifact-keeper/artifact-keeper,v1.2.1,2026-06-21,58
artifact-keeper/artifact-keeper,v1.2.0,2026-06-02,96
artifact-keeper/artifact-keeper,v1.2.0-rc.3,2026-06-01,0
artifact-keeper/artifact-keeper,v1.2.0-rc.2,2026-05-24,0
artifact-keeper/artifact-keeper,v1.2.0-rc.1,2026-05-19,0
artifact-keeper/artifact-keeper,v1.1.9,2026-05-07,99
artifact-keeper/artifact-keeper,v1.1.9-rc.5,2026-05-07,54
artifact-keeper/artifact-keeper,v1.1.9-rc.1,2026-05-03,0
artifact-keeper/artifact-keeper,v1.1.6,2026-04-20,72
artifact-keeper/artifact-keeper,v1.1.4,2026-04-16,80
artifact-keeper/artifact-keeper,v1.1.3,2026-04-16,71
artifact-keeper/artifact-keeper,v1.1.2,2026-04-11,85
artifact-keeper/artifact-keeper,v1.1.1,2026-04-05,78
artifact-keeper/artifact-keeper,v1.1.0,2026-04-02,56
artifact-keeper/artifact-keeper,v1.1.0-rc.10,2026-03-21,47
artifact-keeper/artifact-keeper,v1.1.0-rc.9,2026-03-20,40
artifact-keeper/artifact-keeper,v1.1.0-rc.8,2026-03-17,40
artifact-keeper/artifact-keeper,v1.1.0-rc.7,2026-03-08,43
artifact-keeper/artifact-keeper,v1.1.0-rc.6,2026-03-02,57
artifact-keeper/artifact-keeper,v1.1.0-rc.5,2026-02-26,57
artifact-keeper/artifact-keeper,v1.1.0-rc.4,2026-02-26,40
artifact-keeper/artifact-keeper,v1.1.0-rc.3,2026-02-17,52
artifact-keeper/artifact-keeper,v1.1.0-rc.2,2026-02-15,40
artifact-keeper/artifact-keeper,v1.1.0-dev.2,2026-02-12,0
artifact-keeper/artifact-keeper,v1.0.0-rc.7,2026-02-11,0
artifact-keeper/artifact-keeper,v1.1.0-dev.1,2026-02-09,0
artifact-keeper/artifact-keeper,v1.0.0-rc.6,2026-02-09,0
artifact-keeper/artifact-keeper,v1.0.0-rc.5,2026-02-09,0
artifact-keeper/artifact-keeper,v1.0.0-rc.4,2026-02-09,0
artifact-keeper/artifact-keeper,v1.0.0-rc.3,2026-02-09,0
artifact-keeper/artifact-keeper,v1.0.0-a2,2026-02-09,0
